prompt,base,finetuned,assessment
Giải thích khái niệm machine learning cho người mới bắt đầu.,"Machine learning là một kỹ thuật trong khoa học máy tính, giúp máy tự học và cải thiện dựa trên dữ liệu mà không cần phải được hướng dẫn cụ thể từng bước. Nó bao gồm nhiều loại học máy khác nhau, như phân loại, dự đoán, dự báo, và học sâu. Machine learning được sử dụng rộng rãi trong nhiều lĩnh vực, như tự động hóa, trí tuệ nhân tạo, và phân tích dữ liệu.","Machine learning là một phân khúc của AI (công nghệ thông minh nhân tạo) và nó tập trung vào việc học tập và cải thiện các mô hình dự đoán dựa trên dữ liệu. Trong khi AI có thể được sử dụng để tạo ra các chương trình có thể tự động hóa các hành động, machine learning là một cách để cho phép máy học hỏi và cải thiện các mô hình dự đoán dựa trên dữ liệu. Machine learning có thể được sử dụng để phân loại dữ liệu, dự đoán kết quả, dự đoán hành vi, dự đoán khả năng, dự đoán rủi ro, dự đoán khả năng, dự đoán khả năng, dự đoán khả năng, dự đoán khả năng, dự đoán khả năng, dự đoán khả năng, dự đoán khả năng, dự đoán khả năng, dự đoán khả năng, dự đoán khả năng, dự đoán khả năng, dự đoán khả năng, dự đoán khả năng, dự đoán khả năng, dự đoán khả năng,","Review for factuality, relevance, and format adherence."
Viết đoạn code Python tính số Fibonacci thứ n.,"def fibonacci(n):
    if n == 0:
        return 0
    elif n == 1:
        return 1
    else:
        return fibonacci(n-1) + fibonacci(n-2)

n = int(input(""Nhập số thứ tự của số Fibonacci: ""))
print(""Số Fibonacci thứ"", n, ""là"", fibonacci(n))","Để tính số Fibonacci thứ n, bạn có thể sử dụng hàm đệ quy hoặc vòng lặp. Đây là một ví dụ về cách tính số Fibonacci thứ n bằng cách sử dụng vòng lặp: ```python def fibonacci(n): if n <= 0: return 0 elif n == 1: return 1 else: a, b = 0, 1 for _ in range(n - 1): a, b = b, a + b return b ``` Trong ví dụ này, chúng ta sử dụng hai biến a và b để lưu trữ các số Fibonacci trước đó. Khi vòng lặp kết thúc, a sẽ là số Fibonacci thứ n. Bạn có thể gọi hàm này bằng cách truyền vào số Fibonacci cần tính, ví dụ: ```python print(fibonacci(10)) ``` Kết quả sẽ là 55, vì đó là số Fibonacci thứ 10.","Review for factuality, relevance, and format adherence."
Liệt kê 5 nguyên tắc thiết kế UI/UX.,"1. **User-Centered Design**: Focus on the user's needs and experiences, ensuring that the design is intuitive, accessible, and meets the user's expectations.
2. Dimensional Design: Consider the dimensions of the design, including size, color, and typography, to create a visually appealing and functional interface.
3. Consistency: Maintain consistency in the design, including color schemes, typography, and layout, to create a cohesive and recognizable brand identity.
4. Simplicity: Keep the design simple and easy to use, with clear and concise information architecture and navigation.
5. Accessibility: Ensure that the design is accessible to all users, including those with disabilities, by following accessibility guidelines and best practices.","1. **Điều hướng dễ dàng**: Thiết kế một giao diện dễ sử dụng và dễ tìm kiếm, giúp người dùng có thể dễ dàng tìm thấy thông tin và thực hiện các hành động cần thiết. 2. **Tối ưu hóa trải nghiệm người dùng**: Cố gắng tạo ra trải nghiệm người dùng tốt nhất có thể bằng cách tối ưu hóa các yếu tố như tốc độ tải trang, độ trễ và độ ổn định của ứng dụng. 3. **Tính tương thích**: Thiết kế giao diện và trải nghiệm người dùng để có thể tương thích với nhiều thiết bị và trình duyệt khác nhau, đảm bảo trải nghiệm người dùng tốt nhất cho tất cả người dùng. 4. **Tính tương thích**: Thiết kế giao diện và trải nghiệm người dùng để có thể tương thích với nhiều thiết bị và trình duyệt khác nhau, đảm bảo trải nghiệm người dùng tốt nhất cho tất cả người dùng. 5. **Tính","Review for factuality, relevance, and format adherence."
Tóm tắt sự khác biệt giữa LoRA và QLoRA.,"LoRA (Low-Rank Adaptation) và QLoRA (Quantized LoRA) là hai phương pháp cải tiến cho mô hình NLP (Natural Language Processing) được sử dụng để giảm thiểu số lượng tham số trong mô hình. LoRA sử dụng một bộ tham số bổ sung để cải thiện hiệu suất của mô hình, trong khi QLoRA sử dụng thuật toán quantization để giảm số lượng tham số trong mô hình. LoRA và QLoRA đều có thể cải thiện hiệu suất của mô hình và giảm thiểu số lượng tham số trong mô hình.","LoRA (Low-Rank Adaptation) và QLoRA (Quantized LoRA) là hai phương pháp cải tiến được phát triển để cải thiện hiệu suất của mô hình NLP (Natural Language Processing) bằng cách giảm kích thước mô hình và cải thiện khả năng dự đoán. LoRA là một phương pháp cải tiến được phát triển bởi Hugging Face, trong đó mô hình được chia thành hai phần: một phần được gọi là ""base model"" và một phần được gọi là ""LoRA module"". LoRA module được thêm vào mô hình base model để cải thiện khả năng dự đoán của nó. LoRA module được xây dựng dựa trên các tham số được gọi là ""LoRA weights"" và được sử dụng để thay đổi các tham số của base model. LoRA module có thể được thêm vào bất kỳ mô hình nào, bao gồm cả mô hình có kích thước lớn. QLoRA là một phương pháp cải tiến khác được phát triển","Review for factuality, relevance, and format adherence."
"Phân biệt prompt engineering, RAG, và fine-tuning.","Prompt engineering, RAG, và fine-tuning là các kỹ thuật khác nhau để cải thiện hiệu suất của mô hình NLU. Prompt engineering là kỹ thuật để cải thiện hiệu suất của mô hình bằng cách sử dụng câu hỏi và câu trả lời để cải thiện độ chính xác của mô hình. RAG là một kỹ thuật để cải thiện hiệu suất của mô hình bằng cách sử dụng câu hỏi và câu trả lời để cải thiện độ chính xác của mô hình. Fine-tuning là một kỹ thuật để cải thiện hiệu suất của mô hình bằng cách sử dụng dữ liệu mới để cải thiện độ chính xác của mô hình.","Prompt engineering, RAG (Reinforcement Augmented Generation), và fine-tuning là ba phương pháp khác nhau được sử dụng để cải thiện hiệu suất của mô hình AI. Prompt engineering là một kỹ thuật để cải thiện hiệu suất của mô hình bằng cách sử dụng câu lệnh (prompt) để hướng dẫn mô hình tập trung vào các thông tin quan trọng nhất. RAG là một kỹ thuật để cải thiện hiệu suất của mô hình bằng cách sử dụng các câu lệnh để hướng dẫn mô hình tập trung vào các thông tin quan trọng nhất và sau đó sử dụng các câu lệnh để hướng dẫn mô hình tập trung vào các thông tin quan trọng nhất. Fine-tuning là một kỹ thuật để cải thiện hiệu suất của mô hình bằng cách sử dụng các câu lệnh để hướng dẫn mô hình tập trung vào các thông tin quan trọng nhất và sau đó sử dụng các câu lệnh để hướng dẫn mô hình tập trung vào các thông tin quan trọng","Review for factuality, relevance, and format adherence."
